2000186390221	https://disk.yandex.ru/i/_Gb72Su_Yabp5g	https://disk.yandex.ru/i/n1RH8918hakeGQ	https://disk.yandex.ru/i/uK122beFGVbXew	https://disk.yandex.ru/i/5eZaLCXgWBO-cg	https://disk.yandex.ru/i/P6zV3B-loZyhGg	https://disk.yandex.ru/i/VdBvt3Lcu3U-8g	https://disk.yandex.ru/i/U5qCiVJ0HcTeQQ	https://disk.yandex.ru/d/IL7JGX0BbhpmEA	https://disk.yandex.ru/i/ok18kHbVcvYDxA				
2000186390238	https://disk.yandex.ru/i/pLg7aQx0x_JbtA	https://disk.yandex.ru/i/GkWWqC8g0MuHGQ	https://disk.yandex.ru/i/EhhXTG3xK1HLDw	https://disk.yandex.ru/i/WpuZFZevrFufbQ	https://disk.yandex.ru/i/P6zV3B-loZyhGg	https://disk.yandex.ru/i/aXRS47zh4Q1QCg	https://disk.yandex.ru/i/VdBvt3Lcu3U-8g	https://disk.yandex.ru/i/U5qCiVJ0HcTeQQ	https://disk.yandex.ru/i/HlbAj_nr6ImgqQ	https://disk.yandex.ru/d/lroSyL-eZu3KZw	https://disk.yandex.ru/i/B0u3-UrwGOPTyg		
2000186390245	https://disk.yandex.ru/i/VagR9cAbvev2-Q	https://disk.yandex.ru/i/toQfAr2C4FuWVg https://disk.yandex.ru/i/EhhXTG3xK1HLDw https://disk.yandex.ru/i/VMaPFdhiaNo9GQ	https://disk.yandex.ru/i/WpuZFZevrFufbQ	https://disk.yandex.ru/i/P6zV3B-loZyhGg	https://disk.yandex.ru/i/aXRS47zh4Q1QCg	https://disk.yandex.ru/i/VdBvt3Lcu3U-8g	https://disk.yandex.ru/i/U5qCiVJ0HcTeQQ	https://disk.yandex.ru/i/HlbAj_nr6ImgqQ	https://disk.yandex.ru/d/lroSyL-eZu3KZw	https://disk.yandex.ru/i/B0u3-UrwGOPTyg
2000186390252	https://disk.yandex.ru/i/qAK05QwItJlPKQ	https://disk.yandex.ru/i/t6deuW3QF_NgqA	https://disk.yandex.ru/i/EhhXTG3xK1HLDw	https://disk.yandex.ru/i/WpuZFZevrFufbQ	https://disk.yandex.ru/i/P6zV3B-loZyhGg	https://disk.yandex.ru/i/aXRS47zh4Q1QCg	https://disk.yandex.ru/i/VdBvt3Lcu3U-8g	https://disk.yandex.ru/i/U5qCiVJ0HcTeQQ	https://disk.yandex.ru/i/HlbAj_nr6ImgqQ	https://disk.yandex.ru/d/lroSyL-eZu3KZw	https://disk.yandex.ru/i/B0u3-UrwGOPTyg		
2000186390269	https://disk.yandex.ru/i/WizdIEbUs8LWEw	https://disk.yandex.ru/i/yiWz5OlLaw-N6Q	https://disk.yandex.ru/i/uK122beFGVbXew	https://disk.yandex.ru/i/5eZaLCXgWBO-cg	https://disk.yandex.ru/i/P6zV3B-loZyhGg	https://disk.yandex.ru/i/aXRS47zh4Q1QCg	https://disk.yandex.ru/i/VdBvt3Lcu3U-8g	https://disk.yandex.ru/i/U5qCiVJ0HcTeQQ	https://disk.yandex.ru/d/IL7JGX0BbhpmEA	https://disk.yandex.ru/i/ok18kHbVcvYDxA			
2000186390276	https://disk.yandex.ru/i/Wmj624nxjO0JKA	https://disk.yandex.ru/i/C6WKGvIKc72XcA	https://disk.yandex.ru/i/uK122beFGVbXew	https://disk.yandex.ru/i/5eZaLCXgWBO-cg	https://disk.yandex.ru/i/P6zV3B-loZyhGg	https://disk.yandex.ru/i/aXRS47zh4Q1QCg	https://disk.yandex.ru/i/VdBvt3Lcu3U-8g	https://disk.yandex.ru/i/U5qCiVJ0HcTeQQ	https://disk.yandex.ru/d/IL7JGX0BbhpmEA	https://disk.yandex.ru/i/ok18kHbVcvYDxA			
2000186390283	https://disk.yandex.ru/i/XO4QaKc2dnknsA	https://disk.yandex.ru/d/SF8icQ6KWiLEWg	https://disk.yandex.ru/i/S2HsoQIos0EVkQ	https://disk.yandex.ru/d/IL7JGX0BbhpmEA									
2000186390290	https://disk.yandex.ru/i/ueG5M8dw-ycK2w	https://disk.yandex.ru/d/SF8icQ6KWiLEWg	https://disk.yandex.ru/i/S2HsoQIos0EVkQ	https://disk.yandex.ru/d/IL7JGX0BbhpmEA									
2000186390306	https://disk.yandex.ru/i/AJl9rYeP4NmK9A	https://disk.yandex.ru/d/SF8icQ6KWiLEWg	https://disk.yandex.ru/i/S2HsoQIos0EVkQ	https://disk.yandex.ru/d/IL7JGX0BbhpmEA									
2000186390313	https://disk.yandex.ru/i/TFaOvAO3IOdpRQ	https://disk.yandex.ru/i/hwbaJuBL-7xL4Q	https://disk.yandex.ru/i/ugwJgutST2xmYw	https://disk.yandex.ru/i/PtJjXP3h2GVkbQ	https://disk.yandex.ru/d/IL7JGX0BbhpmEA								
2000186390320	https://disk.yandex.ru/i/NFLq-9iZ1Wv86Q	https://disk.yandex.ru/i/bqPOiDd5HqIGKQ	https://disk.yandex.ru/i/ugwJgutST2xmYw	https://disk.yandex.ru/i/PtJjXP3h2GVkbQ	https://disk.yandex.ru/d/IL7JGX0BbhpmEA								
2000186390337	https://disk.yandex.ru/i/2Dm7Pc2xIuYZHQ	https://disk.yandex.ru/i/Et8cMZzzbycEOQ	https://disk.yandex.ru/i/ugwJgutST2xmYw	https://disk.yandex.ru/i/PtJjXP3h2GVkbQ	https://disk.yandex.ru/d/IL7JGX0BbhpmEA								
2000186390344	https://disk.yandex.ru/i/vocrButq0WpdCw	https://disk.yandex.ru/i/9dLXExP54bC4Yg	https://disk.yandex.ru/i/fa1Vcw3VXi2kyA	https://disk.yandex.ru/i/gJuQyLvm_KZSSQ	https://disk.yandex.ru/i/P6zV3B-loZyhGg	https://disk.yandex.ru/i/aXRS47zh4Q1QCg	https://disk.yandex.ru/i/VdBvt3Lcu3U-8g	https://disk.yandex.ru/i/U5qCiVJ0HcTeQQ	https://disk.yandex.ru/d/IL7JGX0BbhpmEA				
2000186390351	https://disk.yandex.ru/i/2bxHIGbmw3tGWA	https://disk.yandex.ru/i/kCJt9_P1bbG_eg	https://disk.yandex.ru/i/fa1Vcw3VXi2kyA	https://disk.yandex.ru/i/gJuQyLvm_KZSSQ	https://disk.yandex.ru/i/P6zV3B-loZyhGg	https://disk.yandex.ru/i/aXRS47zh4Q1QCg	https://disk.yandex.ru/i/VdBvt3Lcu3U-8g	https://disk.yandex.ru/i/U5qCiVJ0HcTeQQ	https://disk.yandex.ru/d/IL7JGX0BbhpmEA				
2000186390368	https://disk.yandex.ru/i/m295FTkN_dhPSg	https://disk.yandex.ru/i/-FP9D7ZtUzGytw	https://disk.yandex.ru/i/2PCs9HeIYhJzrA	https://disk.yandex.ru/d/lYIOpUDzItd_Vw									
2000186390375	https://disk.yandex.ru/i/m295FTkN_dhPSg	https://disk.yandex.ru/i/-FP9D7ZtUzGytw	https://disk.yandex.ru/i/2PCs9HeIYhJzrA	https://disk.yandex.ru/d/lYIOpUDzItd_Vw									
2000186390382	https://disk.yandex.ru/i/m295FTkN_dhPSg	https://disk.yandex.ru/i/-FP9D7ZtUzGytw	https://disk.yandex.ru/i/2PCs9HeIYhJzrA	https://disk.yandex.ru/d/lYIOpUDzItd_Vw									
2000186390399	https://disk.yandex.ru/i/m295FTkN_dhPSg	https://disk.yandex.ru/i/-FP9D7ZtUzGytw	https://disk.yandex.ru/i/2PCs9HeIYhJzrA	https://disk.yandex.ru/d/lYIOpUDzItd_Vw									
2000186390405	https://disk.yandex.ru/i/EK7mv_u1ml720g	https://disk.yandex.ru/i/o3DL2RwtLZWFYw	https://disk.yandex.ru/i/H7l0QMz9uhm0dA	https://disk.yandex.ru/i/YVpjZPsnxf-GXA									
2000186390412	https://disk.yandex.ru/i/Vum_QcdWq4iqTA	https://disk.yandex.ru/i/84XMeCe3x_XkYw	https://disk.yandex.ru/i/rT9SYE_A4wEl4Q										
2000186390429	https://disk.yandex.ru/i/m295FTkN_dhPSg	https://disk.yandex.ru/d/uOxbJQzjXc5Fsg	https://disk.yandex.ru/i/2PCs9HeIYhJzrA										
2000186407981	https://disk.yandex.ru/i/_Gb72Su_Yabp5g	https://disk.yandex.ru/i/n1RH8918hakeGQ	https://disk.yandex.ru/i/E2XIhLF3R_QsHw	https://disk.yandex.ru/i/5eZaLCXgWBO-cg	https://disk.yandex.ru/i/aXRS47zh4Q1QCg	https://disk.yandex.ru/i/U5qCiVJ0HcTeQQ							
2000186407998	https://disk.yandex.ru/i/_Gb72Su_Yabp5g	https://disk.yandex.ru/i/n1RH8918hakeGQ	https://disk.yandex.ru/i/E2XIhLF3R_QsHw	https://disk.yandex.ru/i/5eZaLCXgWBO-cg	https://disk.yandex.ru/i/aXRS47zh4Q1QCg	https://disk.yandex.ru/i/U5qCiVJ0HcTeQQ							
2000186408018	https://disk.yandex.ru/d/SjggFO7Tcub5Dg	https://disk.yandex.ru/i/PtJjXP3h2GVkbQ											
2000186408025	https://disk.yandex.ru/d/SjggFO7Tcub5Dg	https://disk.yandex.ru/i/PtJjXP3h2GVkbQ											
2000186408032	https://disk.yandex.ru/i/2bxHIGbmw3tGWA	https://disk.yandex.ru/i/kCJt9_P1bbG_eg	https://disk.yandex.ru/d/zsjCfxjwPi_-Og	https://disk.yandex.ru/d/kZw1Ugnii2I3rA	https://disk.yandex.ru/i/gJuQyLvm_KZSSQ	https://disk.yandex.ru/i/aXRS47zh4Q1QCg	https://disk.yandex.ru/i/U5qCiVJ0HcTeQQ						
2000186408049	https://disk.yandex.ru/i/2bxHIGbmw3tGWA	https://disk.yandex.ru/i/kCJt9_P1bbG_eg	https://disk.yandex.ru/d/zsjCfxjwPi_-Og	https://disk.yandex.ru/d/kZw1Ugnii2I3rA	https://disk.yandex.ru/i/gJuQyLvm_KZSSQ	https://disk.yandex.ru/i/aXRS47zh4Q1QCg	https://disk.yandex.ru/i/U5qCiVJ0HcTeQQ						
2000186408056	https://disk.yandex.ru/i/qAK05QwItJlPKQ	https://disk.yandex.ru/i/t6deuW3QF_NgqA	https://disk.yandex.ru/i/fyaZvBxKFpg-Jg	https://disk.yandex.ru/i/WpuZFZevrFufbQ	https://disk.yandex.ru/i/aXRS47zh4Q1QCg	https://disk.yandex.ru/i/U5qCiVJ0HcTeQQ							
2000186408063	https://disk.yandex.ru/i/qAK05QwItJlPKQ	https://disk.yandex.ru/i/t6deuW3QF_NgqA	https://disk.yandex.ru/i/fyaZvBxKFpg-Jg	https://disk.yandex.ru/i/WpuZFZevrFufbQ	https://disk.yandex.ru/i/aXRS47zh4Q1QCg	https://disk.yandex.ru/i/U5qCiVJ0HcTeQQ							
2000186408070	https://disk.yandex.ru/i/AJl9rYeP4NmK9A	https://disk.yandex.ru/i/Vi7BxBPGBuixIA	https://disk.yandex.ru/i/RBzaxU47jKUCzA	https://disk.yandex.ru/i/S2HsoQIos0EVkQ									
2000186408087	https://disk.yandex.ru/i/AJl9rYeP4NmK9A	https://disk.yandex.ru/i/Vi7BxBPGBuixIA	https://disk.yandex.ru/i/RBzaxU47jKUCzA	https://disk.yandex.ru/i/S2HsoQIos0EVkQ									
2000186408094	https://disk.yandex.ru/i/AJl9rYeP4NmK9A	https://disk.yandex.ru/i/Vi7BxBPGBuixIA	https://disk.yandex.ru/i/RBzaxU47jKUCzA	https://disk.yandex.ru/i/S2HsoQIos0EVkQ									
2000186408100	https://disk.yandex.ru/i/EK7mv_u1ml720g	https://disk.yandex.ru/d/MPGtooyo_qAQsw	https://disk.yandex.ru/i/H7l0QMz9uhm0dA										
2000186408117	https://disk.yandex.ru/i/m295FTkN_dhPSg	https://disk.yandex.ru/i/-FP9D7ZtUzGytw	https://disk.yandex.ru/i/Zhsw1aXK1Hn0Gg										
2000186408155	https://disk.yandex.ru/i/m295FTkN_dhPSg	https://disk.yandex.ru/i/-FP9D7ZtUzGytw	https://disk.yandex.ru/i/Zhsw1aXK1Hn0Gg										
2000186408179	https://disk.yandex.ru/i/m295FTkN_dhPSg	https://disk.yandex.ru/d/URp8OOKdQ4G6OA	https://disk.yandex.ru/i/2PCs9HeIYhJzrA										
2000186408193	https://disk.yandex.ru/i/m295FTkN_dhPSg	https://disk.yandex.ru/d/URp8OOKdQ4G6OA	https://disk.yandex.ru/i/2PCs9HeIYhJzrA										
2000186408216	https://disk.yandex.ru/i/m295FTkN_dhPSg	https://disk.yandex.ru/d/URp8OOKdQ4G6OA	https://disk.yandex.ru/i/2PCs9HeIYhJzrA										
2000186408230	https://disk.yandex.ru/i/m295FTkN_dhPSg	https://disk.yandex.ru/d/URp8OOKdQ4G6OA	https://disk.yandex.ru/i/2PCs9HeIYhJzrA										
