8w9Ug9zCL5kArA;C:\Users\internetshop17\pars\migliore_yandex\scheme\8w9Ug9zCL5kArA\31425;['C:\\Users\\internetshop17\\pars\\migliore_yandex\\scheme\\8w9Ug9zCL5kArA\\31425\\31425.pdf', 'C:\\Users\\internetshop17\\pars\\migliore_yandex\\scheme\\8w9Ug9zCL5kArA\\31425\\Ermmini-Fortis-Prestige_click-clack.pdf']
fMfSvBK9EE7rOw;C:\Users\internetshop17\pars\migliore_yandex\scheme\fMfSvBK9EE7rOw\31413;['C:\\Users\\internetshop17\\pars\\migliore_yandex\\scheme\\fMfSvBK9EE7rOw\\31413\\31413.pdf', 'C:\\Users\\internetshop17\\pars\\migliore_yandex\\scheme\\fMfSvBK9EE7rOw\\31413\\Ermmini-Fortis-Prestige_click-clack.pdf']
hCAm7xBs2Rq3Dg;C:\Users\internetshop17\pars\migliore_yandex\scheme\hCAm7xBs2Rq3Dg\31419;['C:\\Users\\internetshop17\\pars\\migliore_yandex\\scheme\\hCAm7xBs2Rq3Dg\\31419\\31419.pdf', 'C:\\Users\\internetshop17\\pars\\migliore_yandex\\scheme\\hCAm7xBs2Rq3Dg\\31419\\Ermmini-Fortis-Prestige_click-clack.pdf']
YAISGgX-K4RpJA;C:\Users\internetshop17\pars\migliore_yandex\scheme\YAISGgX-K4RpJA\31422;['C:\\Users\\internetshop17\\pars\\migliore_yandex\\scheme\\YAISGgX-K4RpJA\\31422\\31422.pdf', 'C:\\Users\\internetshop17\\pars\\migliore_yandex\\scheme\\YAISGgX-K4RpJA\\31422\\Ermmini-Fortis-Prestige_click-clack.pdf']
8w9Ug9zCL5kArA;C:\Users\internetshop17\pars\migliore_yandex\scheme\8w9Ug9zCL5kArA\31425;['C:\\Users\\internetshop17\\pars\\migliore_yandex\\scheme\\8w9Ug9zCL5kArA\\31425\\31425.pdf', 'C:\\Users\\internetshop17\\pars\\migliore_yandex\\scheme\\8w9Ug9zCL5kArA\\31425\\Ermmini-Fortis-Prestige_click-clack.pdf']
fMfSvBK9EE7rOw;C:\Users\internetshop17\pars\migliore_yandex\scheme\fMfSvBK9EE7rOw\31413;['C:\\Users\\internetshop17\\pars\\migliore_yandex\\scheme\\fMfSvBK9EE7rOw\\31413\\31413.pdf', 'C:\\Users\\internetshop17\\pars\\migliore_yandex\\scheme\\fMfSvBK9EE7rOw\\31413\\Ermmini-Fortis-Prestige_click-clack.pdf']
hCAm7xBs2Rq3Dg;C:\Users\internetshop17\pars\migliore_yandex\scheme\hCAm7xBs2Rq3Dg\31419;['C:\\Users\\internetshop17\\pars\\migliore_yandex\\scheme\\hCAm7xBs2Rq3Dg\\31419\\31419.pdf', 'C:\\Users\\internetshop17\\pars\\migliore_yandex\\scheme\\hCAm7xBs2Rq3Dg\\31419\\Ermmini-Fortis-Prestige_click-clack.pdf']
YAISGgX-K4RpJA;C:\Users\internetshop17\pars\migliore_yandex\scheme\YAISGgX-K4RpJA\31422;['C:\\Users\\internetshop17\\pars\\migliore_yandex\\scheme\\YAISGgX-K4RpJA\\31422\\31422.pdf', 'C:\\Users\\internetshop17\\pars\\migliore_yandex\\scheme\\YAISGgX-K4RpJA\\31422\\Ermmini-Fortis-Prestige_click-clack.pdf']
8w9Ug9zCL5kArA;C:\Users\internetshop17\pars\migliore_yandex\scheme\8w9Ug9zCL5kArA\31425;['C:\\Users\\internetshop17\\pars\\migliore_yandex\\scheme\\8w9Ug9zCL5kArA\\31425\\31425.pdf', 'C:\\Users\\internetshop17\\pars\\migliore_yandex\\scheme\\8w9Ug9zCL5kArA\\31425\\Ermmini-Fortis-Prestige_click-clack.pdf']
fMfSvBK9EE7rOw;C:\Users\internetshop17\pars\migliore_yandex\scheme\fMfSvBK9EE7rOw\31413;['C:\\Users\\internetshop17\\pars\\migliore_yandex\\scheme\\fMfSvBK9EE7rOw\\31413\\31413.pdf', 'C:\\Users\\internetshop17\\pars\\migliore_yandex\\scheme\\fMfSvBK9EE7rOw\\31413\\Ermmini-Fortis-Prestige_click-clack.pdf']
hCAm7xBs2Rq3Dg;C:\Users\internetshop17\pars\migliore_yandex\scheme\hCAm7xBs2Rq3Dg\31419;['C:\\Users\\internetshop17\\pars\\migliore_yandex\\scheme\\hCAm7xBs2Rq3Dg\\31419\\31419.pdf', 'C:\\Users\\internetshop17\\pars\\migliore_yandex\\scheme\\hCAm7xBs2Rq3Dg\\31419\\Ermmini-Fortis-Prestige_click-clack.pdf']
YAISGgX-K4RpJA;C:\Users\internetshop17\pars\migliore_yandex\scheme\YAISGgX-K4RpJA\31422;['C:\\Users\\internetshop17\\pars\\migliore_yandex\\scheme\\YAISGgX-K4RpJA\\31422\\31422.pdf', 'C:\\Users\\internetshop17\\pars\\migliore_yandex\\scheme\\YAISGgX-K4RpJA\\31422\\Ermmini-Fortis-Prestige_click-clack.pdf']
8w9Ug9zCL5kArA;C:\Users\internetshop17\pars\migliore_yandex\scheme\8w9Ug9zCL5kArA\31425;['C:\\Users\\internetshop17\\pars\\migliore_yandex\\scheme\\8w9Ug9zCL5kArA\\31425\\31425.pdf', 'C:\\Users\\internetshop17\\pars\\migliore_yandex\\scheme\\8w9Ug9zCL5kArA\\31425\\Ermmini-Fortis-Prestige_click-clack.pdf']
fMfSvBK9EE7rOw;C:\Users\internetshop17\pars\migliore_yandex\scheme\fMfSvBK9EE7rOw\31413;['C:\\Users\\internetshop17\\pars\\migliore_yandex\\scheme\\fMfSvBK9EE7rOw\\31413\\31413.pdf', 'C:\\Users\\internetshop17\\pars\\migliore_yandex\\scheme\\fMfSvBK9EE7rOw\\31413\\Ermmini-Fortis-Prestige_click-clack.pdf']
hCAm7xBs2Rq3Dg;C:\Users\internetshop17\pars\migliore_yandex\scheme\hCAm7xBs2Rq3Dg\31419;['C:\\Users\\internetshop17\\pars\\migliore_yandex\\scheme\\hCAm7xBs2Rq3Dg\\31419\\31419.pdf', 'C:\\Users\\internetshop17\\pars\\migliore_yandex\\scheme\\hCAm7xBs2Rq3Dg\\31419\\Ermmini-Fortis-Prestige_click-clack.pdf']
YAISGgX-K4RpJA;C:\Users\internetshop17\pars\migliore_yandex\scheme\YAISGgX-K4RpJA\31422;['C:\\Users\\internetshop17\\pars\\migliore_yandex\\scheme\\YAISGgX-K4RpJA\\31422\\31422.pdf', 'C:\\Users\\internetshop17\\pars\\migliore_yandex\\scheme\\YAISGgX-K4RpJA\\31422\\Ermmini-Fortis-Prestige_click-clack.pdf']
8w9Ug9zCL5kArA;C:\Users\internetshop17\pars\migliore_yandex\scheme\8w9Ug9zCL5kArA\31425;['C:\\Users\\internetshop17\\pars\\migliore_yandex\\scheme\\8w9Ug9zCL5kArA\\31425\\31425.pdf', 'C:\\Users\\internetshop17\\pars\\migliore_yandex\\scheme\\8w9Ug9zCL5kArA\\31425\\Ermmini-Fortis-Prestige_click-clack.pdf']
fMfSvBK9EE7rOw;C:\Users\internetshop17\pars\migliore_yandex\scheme\fMfSvBK9EE7rOw\31413;['C:\\Users\\internetshop17\\pars\\migliore_yandex\\scheme\\fMfSvBK9EE7rOw\\31413\\31413.pdf', 'C:\\Users\\internetshop17\\pars\\migliore_yandex\\scheme\\fMfSvBK9EE7rOw\\31413\\Ermmini-Fortis-Prestige_click-clack.pdf']
hCAm7xBs2Rq3Dg;C:\Users\internetshop17\pars\migliore_yandex\scheme\hCAm7xBs2Rq3Dg\31419;['C:\\Users\\internetshop17\\pars\\migliore_yandex\\scheme\\hCAm7xBs2Rq3Dg\\31419\\31419.pdf', 'C:\\Users\\internetshop17\\pars\\migliore_yandex\\scheme\\hCAm7xBs2Rq3Dg\\31419\\Ermmini-Fortis-Prestige_click-clack.pdf']
YAISGgX-K4RpJA;C:\Users\internetshop17\pars\migliore_yandex\scheme\YAISGgX-K4RpJA\31422;['C:\\Users\\internetshop17\\pars\\migliore_yandex\\scheme\\YAISGgX-K4RpJA\\31422\\31422.pdf', 'C:\\Users\\internetshop17\\pars\\migliore_yandex\\scheme\\YAISGgX-K4RpJA\\31422\\Ermmini-Fortis-Prestige_click-clack.pdf']
